{
	"credit": "Made with Blockbench",
	"textures": {
		"1": "item/camera",
		"2": "item/125",
		"particle": "item/camera"
	},
	"elements": [
		{
			"from": [6.9, 2.4, 6.9],
			"to": [10.1, 8.6, 11.1],
			"faces": {
				"north": {"uv": [0, 6, 3, 12], "texture": "#1"},
				"east": {"uv": [0, 0, 4, 6], "texture": "#1"},
				"south": {"uv": [3, 6, 6, 12], "texture": "#1"},
				"west": {"uv": [4, 0, 8, 6], "texture": "#1"},
				"up": {"uv": [9, 10, 6, 6], "texture": "#1"},
				"down": {"uv": [11, 0, 8, 4], "texture": "#1"}
			}
		},
		{
			"from": [8.5, 2, 9.5],
			"to": [10.5, 9, 11.5],
			"faces": {
				"north": {"uv": [14, 0, 16, 7], "texture": "#1"},
				"east": {"uv": [14, 0, 16, 7], "texture": "#1"},
				"south": {"uv": [12, 0, 14, 7], "texture": "#1"},
				"west": {"uv": [14, 0, 16, 7], "texture": "#1"},
				"up": {"uv": [14, 7, 16, 9], "texture": "#1"},
				"down": {"uv": [14, 0, 16, 2], "texture": "#1"}
			}
		},
		{
			"from": [8.35, 1.8, 9.35],
			"to": [10.65, 2.3, 11.65],
			"faces": {
				"north": {"uv": [13.7, 13, 16, 13.5], "texture": "#1"},
				"east": {"uv": [13.7, 13, 16, 13.5], "texture": "#1"},
				"south": {"uv": [13.7, 13, 16, 13.5], "texture": "#1"},
				"west": {"uv": [13.7, 13, 16, 13.5], "texture": "#1"},
				"up": {"uv": [11, 13.7, 13.3, 16], "texture": "#1"},
				"down": {"uv": [13.7, 13.7, 16, 16], "texture": "#1"}
			}
		},
		{
			"from": [10, 4, 7],
			"to": [13, 4.5, 9],
			"faces": {
				"north": {"uv": [0, 15.5, 3, 16], "texture": "#1"},
				"east": {"uv": [0, 15.5, 2, 16], "texture": "#1"},
				"south": {"uv": [0, 15.5, 3, 16], "texture": "#1"},
				"west": {"uv": [0, 15.5, 2, 16], "texture": "#1"},
				"up": {"uv": [0, 12, 3, 14], "texture": "#1"},
				"down": {"uv": [5, 13.5, 8, 15.5], "texture": "#1"}
			}
		},
		{
			"from": [5, 3, 8],
			"to": [7, 3.3, 9],
			"faces": {
				"north": {"uv": [8, 4, 10, 4.3], "texture": "#1"},
				"east": {"uv": [0, 0, 1, 0.3], "texture": "#1"},
				"south": {"uv": [8, 4, 10, 4.3], "texture": "#1"},
				"west": {"uv": [0, 0, 1, 0.3], "texture": "#1"},
				"up": {"uv": [8, 4, 10, 5], "texture": "#1"},
				"down": {"uv": [8, 4, 10, 5], "texture": "#1"}
			}
		},
		{
			"from": [5, 8, 8],
			"to": [7, 8.3, 9],
			"faces": {
				"north": {"uv": [8, 4, 10, 4.3], "texture": "#1"},
				"east": {"uv": [0, 0, 1, 0.3], "texture": "#1"},
				"south": {"uv": [8, 4, 10, 4.3], "texture": "#1"},
				"west": {"uv": [8, 4, 9, 4.3], "texture": "#1"},
				"up": {"uv": [8, 4, 10, 5], "texture": "#1"},
				"down": {"uv": [8, 4, 10, 5], "texture": "#1"}
			}
		},
		{
			"from": [4.7, 3, 8],
			"to": [5, 8, 9],
			"faces": {
				"north": {"uv": [6, 10, 11, 10.3], "rotation": 90, "texture": "#1"},
				"east": {"uv": [6, 10, 11, 11], "rotation": 270, "texture": "#1"},
				"south": {"uv": [6, 10, 11, 10.3], "rotation": 270, "texture": "#1"},
				"west": {"uv": [6, 10, 11, 11], "rotation": 270, "texture": "#1"},
				"up": {"uv": [6, 10, 7, 10.3], "rotation": 270, "texture": "#1"},
				"down": {"uv": [6, 10, 7, 10.3], "rotation": 270, "texture": "#1"}
			}
		},
		{
			"from": [7, 8, 11],
			"to": [7.5, 8.5, 11.5],
			"faces": {
				"north": {"uv": [0, 0, 1, 1], "texture": "#2"},
				"east": {"uv": [0, 1, 1, 2], "texture": "#2"},
				"south": {"uv": [1, 0, 2, 1], "texture": "#2"},
				"west": {"uv": [1, 1, 2, 2], "texture": "#2"},
				"up": {"uv": [1, 3, 0, 2], "texture": "#2"},
				"down": {"uv": [3, 0, 2, 1], "texture": "#2"}
			}
		}
	],
	"gui_light": "front",
	"display": {
		"thirdperson_righthand": {
			"rotation": [-180, 0, -180],
			"translation": [-0.75, 0.5, 1.25]
		},
		"thirdperson_lefthand": {
			"rotation": [-173.43, 1.51, 176.07],
			"translation": [1, 0, 1.75]
		},
		"firstperson_righthand": {
			"rotation": [-82, -2.82, 172.34],
			"translation": [0, 2, 2.5]
		},
		"firstperson_lefthand": {
			"rotation": [-82, -2.82, 172.34],
			"translation": [-1.75, 2, 2.5]
		},
		"ground": {
			"rotation": [-90, 0.5, 180],
			"translation": [1, -1, 2.5],
			"scale": [1.6, 1.6, 1.6]
		},
		"gui": {
			"rotation": [-67.44, 0.21, 45.45],
			"translation": [-3, -0.75, 0],
			"scale": [1.5, 1.5, 1.5]
		},
		"head": {
			"rotation": [-90, 0.5, 180],
			"translation": [4.75, -4, -8.75],
			"scale": [1.6, 1.6, 1.6]
		},
		"fixed": {
			"rotation": [-90, 0.5, 180],
			"translation": [0.75, -1.5, 3],
			"scale": [1.6, 1.6, 1.6]
		}
	}
}